split,iou,precision,recall,f1,accuracy
val,0.8727566029536424,0.9155036871912459,0.9492169544415128,0.9320555558546949,0.9587654320987469
test,0.0,0.0,0.0,0.0,0.6249170524691238
